{"cameraMode":{"drawMode":0,"name":"Shaded","section":"Shading Mode"},"sceneLighting":true,"audioPlay":false,"sceneViewState":{"showFog":false,"showMaterialUpdate":false,"showSkybox":true,"showFlares":false,"showImageEffects":false,"showParticleSystems":false},"in2DMode":false,"pivot":{"x":831.408935546875,"y":513.9000244140625,"z":382.5761413574219},"rotation":{"x":0.13770397007465363,"y":-0.19766797125339509,"z":0.028057368472218515,"w":0.9701431393623352},"size":528.3992309570313,"orthographic":false}