{"cameraMode":{"drawMode":0,"name":"Shaded","section":"Shading Mode"},"sceneLighting":true,"audioPlay":false,"sceneViewState":{"showFog":false,"showMaterialUpdate":false,"showSkybox":true,"showFlares":false,"showImageEffects":false,"showParticleSystems":false},"in2DMode":false,"pivot":{"x":0.5493406057357788,"y":0.7627683877944946,"z":1.1487759351730347},"rotation":{"x":0.10883692651987076,"y":-0.4959513247013092,"z":0.06282267719507218,"w":0.859208881855011},"size":10.344365119934082,"orthographic":false}