{"cameraMode":{"drawMode":0,"name":"Shaded","section":"Shading Mode"},"sceneLighting":true,"audioPlay":false,"sceneViewState":{"showFog":false,"showMaterialUpdate":false,"showSkybox":true,"showFlares":false,"showImageEffects":false,"showParticleSystems":false},"in2DMode":false,"pivot":{"x":-62.3489875793457,"y":0.6377639770507813,"z":-63.86785888671875},"rotation":{"x":0.13770397007465363,"y":-0.19766797125339509,"z":0.028057368472218515,"w":0.9701431393623352},"size":8.137757301330567,"orthographic":false}