{"cameraMode":{"drawMode":0,"name":"Shaded","section":"Shading Mode"},"sceneLighting":true,"audioPlay":false,"sceneViewState":{"showFog":false,"showMaterialUpdate":false,"showSkybox":false,"showFlares":false,"showImageEffects":false,"showParticleSystems":false},"in2DMode":false,"pivot":{"x":160.3000030517578,"y":110.97000122070313,"z":91.19999694824219},"rotation":{"x":0.10883692651987076,"y":-0.4959513247013092,"z":0.06282267719507218,"w":0.859208881855011},"size":306.03106689453127,"orthographic":false}