{"cameraMode":{"drawMode":0,"name":"Shaded","section":"Shading Mode"},"sceneLighting":false,"audioPlay":false,"sceneViewState":{"showFog":false,"showMaterialUpdate":false,"showSkybox":false,"showFlares":false,"showImageEffects":false,"showParticleSystems":false},"in2DMode":false,"pivot":{"x":1.416820764541626,"y":4.97699499130249,"z":8.60029125213623},"rotation":{"x":0.0007223792490549386,"y":0.7947507500648499,"z":0.0009461245499551296,"w":-0.6069355010986328},"size":13.168190002441407,"orthographic":false}