{"cameraMode":{"drawMode":0,"name":"Shaded","section":"Shading Mode"},"sceneLighting":true,"audioPlay":false,"sceneViewState":{"showFog":false,"showMaterialUpdate":false,"showSkybox":true,"showFlares":false,"showImageEffects":false,"showParticleSystems":false},"in2DMode":false,"pivot":{"x":0.440673828125,"y":0.7851943969726563,"z":-0.409393310546875},"rotation":{"x":0.018199509009718896,"y":-0.6282342672348023,"z":0.014702091924846173,"w":0.7776772975921631},"size":0.6769274473190308,"orthographic":true}