{"count":1,"self":24026.149683199998,"total":111492.1876778,"children":{"InitializeSensors":{"count":6,"self":0.0019982999999999997,"total":0.0019982999999999997,"children":null},"AgentSendState":{"count":8610734,"self":1935.3540607999998,"total":26496.629778399998,"children":{"CollectObservations":{"count":51664404,"self":19874.683289599998,"total":19874.6828334,"children":null},"CollectDiscreteActionMasks":{"count":51664404,"self":340.6535168,"total":340.6535083,"children":null},"RequestDecision":{"count":51664404,"self":1682.4121344,"total":4345.9393168,"children":{"AgentInfo.ToProto":{"count":51664404,"self":993.3741056,"total":2663.5271828,"children":{"GenerateSensorData":{"count":51664404,"self":1670.1530112,"total":1670.1530318,"children":null}}}}}}},"DecideAction":{"count":8610734,"self":60775.7074432,"total":60775.708890899994,"children":null},"AgentAct":{"count":8610734,"self":193.1817472,"total":193.6954538,"children":{"AgentInfo.ToProto":{"count":10332,"self":0.2360255,"total":0.5137043,"children":{"GenerateSensorData":{"count":10332,"self":0.2776788,"total":0.2776788,"children":null}}}}}},"gauges":{"agentF1.CumulativeReward":{"count":10332,"max":669.410767,"min":-5531.73438,"runningAverage":480.114441,"value":514.7986,"weightedAverage":497.616119}},"metadata":{"timer_format_version":"0.1.0","start_time_seconds":"1596187474","unity_version":"2019.4.4f1","command_line_arguments":"D:\\Program Files\\Unity\\2019.4.4f1\\Editor\\Unity.exe -projectpath D:\/Git_Clone\/App_-_ML_AutoRacer\/apps\/unity -useHub -hubIPC -cloudEnvironment production -hubSessionId ad1403b0-d253-11ea-ac3b-8be4c34093f3 -accessToken gjdUKzlb0PCHoexwwDgwe0TvPB_cntKlKldBR6miKwI011f","communication_protocol_version":"1.0.0","com.unity.ml-agents_version":"1.2.0-preview","scene_name":"Scene_Training","end_time_seconds":"1596298965"}}