{"count":1,"gauges":{},"self":54.623712,"total":54.9671866,"children":{"AgentResetIfDone":{"count":2724,"self":0.058764,"total":0.058764,"children":null},"AgentSendState":{"count":2724,"self":0.043167899999999995,"total":0.2178193,"children":{"CollectObservations":{"count":2724,"self":0.17465139999999998,"total":0.17465139999999998,"children":null}}},"DecideAction":{"count":2724,"self":0.0260497,"total":0.0260497,"children":null},"AcademyStep":{"count":2724,"self":0.017106899999999998,"total":0.017106899999999998,"children":null},"AgentAct":{"count":2724,"self":0.0227366,"total":0.0227366,"children":null}}}