{"count":1,"gauges":{},"self":3.6603532,"total":6.9499094999999995,"children":{"AgentResetIfDone":{"count":210,"self":0.0029984,"total":0.0029984,"children":null},"AgentSendState":{"count":210,"self":0.0070173,"total":0.0260421,"children":{"CollectObservations":{"count":210,"self":0.019024799999999998,"total":0.019024799999999998,"children":null}}},"DecideAction":{"count":210,"self":3.0780171999999997,"total":3.2505072999999998,"children":{"AgentInfo.ToProto":{"count":210,"self":0.17249009999999998,"total":0.17249009999999998,"children":null}}},"AcademyStep":{"count":210,"self":0,"total":0,"children":null},"AgentAct":{"count":210,"self":0.0080101,"total":0.0080101,"children":null}}}