{"count":1,"gauges":{},"self":22.4808816,"total":23.2732684,"children":{"AgentResetIfDone":{"count":1123,"self":0.0159127,"total":0.0159127,"children":null},"AgentSendState":{"count":1123,"self":0.028047199999999998,"total":0.7353436,"children":{"CollectObservations":{"count":1123,"self":0.70729639999999994,"total":0.70729639999999994,"children":null}}},"DecideAction":{"count":1123,"self":0.0120117,"total":0.0120117,"children":null},"AcademyStep":{"count":1123,"self":0.0070347,"total":0.0070347,"children":null},"AgentAct":{"count":1123,"self":0.0210737,"total":0.0210737,"children":null}}}