{"count":1,"gauges":{},"self":24.8107088,"total":25.105698,"children":{"AgentResetIfDone":{"count":1121,"self":0.037260299999999996,"total":0.037260299999999996,"children":null},"AgentSendState":{"count":1121,"self":0.054514099999999996,"total":0.21181519999999998,"children":{"CollectObservations":{"count":1121,"self":0.1573011,"total":0.1573011,"children":null}}},"DecideAction":{"count":1121,"self":0.012981,"total":0.012981,"children":null},"AcademyStep":{"count":1121,"self":0.0139923,"total":0.0139923,"children":null},"AgentAct":{"count":1121,"self":0.0159424,"total":0.0159424,"children":null}}}