{"count":1,"gauges":{},"self":43334.6019328,"total":76054.9371736,"children":{"AgentResetIfDone":{"count":3631860,"self":88.4654784,"total":88.465477299999989,"children":null},"AgentSendState":{"count":3631860,"self":644.1897984,"total":2085.6896195,"children":{"CollectObservations":{"count":18159300,"self":1441.4998527999999,"total":1441.4998236,"children":null}}},"DecideAction":{"count":3631860,"self":29780.734771199997,"total":30332.7974278,"children":{"AgentInfo.ToProto":{"count":3631860,"self":552.0630784,"total":552.0630687,"children":null}}},"AcademyStep":{"count":3631860,"self":26.941612799999998,"total":26.941612,"children":null},"AgentAct":{"count":3631860,"self":186.4384896,"total":186.4384842,"children":null}}}