{"count":1,"gauges":{},"self":26.8187344,"total":27.0389509,"children":{"AgentResetIfDone":{"count":1315,"self":0.020191499999999998,"total":0.020191499999999998,"children":null},"AgentSendState":{"count":1315,"self":0.034156599999999995,"total":0.1617876,"children":{"CollectObservations":{"count":1315,"self":0.127631,"total":0.127631,"children":null}}},"DecideAction":{"count":1315,"self":0.0131344,"total":0.0131344,"children":null},"AcademyStep":{"count":1315,"self":0.0049908999999999995,"total":0.0049908999999999995,"children":null},"AgentAct":{"count":1315,"self":0.0181104,"total":0.0181104,"children":null}}}