{"count":1,"gauges":{},"self":5.0238152,"total":5.0658406,"children":{"AgentResetIfDone":{"count":225,"self":0.0059714,"total":0.0059714,"children":null},"AgentSendState":{"count":225,"self":0.0059793999999999993,"total":0.0290455,"children":{"CollectObservations":{"count":225,"self":0.0230661,"total":0.0230661,"children":null}}},"DecideAction":{"count":225,"self":0.0040141,"total":0.0040141,"children":null},"AcademyStep":{"count":225,"self":0,"total":0,"children":null},"AgentAct":{"count":225,"self":0.00099589999999999987,"total":0.00099589999999999987,"children":null}}}