{"count":1,"gauges":{},"self":22.163548799999997,"total":22.323027099999997,"children":{"AgentResetIfDone":{"count":1076,"self":0.0198739,"total":0.0198739,"children":null},"AgentSendState":{"count":1076,"self":0.022893,"total":0.105761,"children":{"CollectObservations":{"count":1076,"self":0.082868,"total":0.082868,"children":null}}},"DecideAction":{"count":1076,"self":0.011970699999999999,"total":0.011970699999999999,"children":null},"AcademyStep":{"count":1076,"self":0.0089368,"total":0.0089368,"children":null},"AgentAct":{"count":1076,"self":0.0119539,"total":0.0119539,"children":null}}}