{"count":1,"gauges":{},"self":74.3060608,"total":74.693269,"children":{"AgentResetIfDone":{"count":3688,"self":0.071608499999999992,"total":0.071608499999999992,"children":null},"AgentSendState":{"count":3688,"self":0.056026299999999994,"total":0.2193056,"children":{"CollectObservations":{"count":3688,"self":0.1632793,"total":0.1632793,"children":null}}},"DecideAction":{"count":3688,"self":0.0466498,"total":0.0466498,"children":null},"AcademyStep":{"count":3688,"self":0.016052399999999998,"total":0.016052399999999998,"children":null},"AgentAct":{"count":3688,"self":0.032596099999999996,"total":0.032596099999999996,"children":null}}}