{"count":1,"gauges":{},"self":8.422067199999999,"total":8.4711188,"children":{"AgentResetIfDone":{"count":202,"self":0.008998299999999999,"total":0.008998299999999999,"children":null},"AgentSendState":{"count":202,"self":0.0090105,"total":0.029047299999999998,"children":{"CollectObservations":{"count":202,"self":0.0200368,"total":0.0200368,"children":null}}},"DecideAction":{"count":202,"self":0.0029963999999999998,"total":0.0029963999999999998,"children":null},"AcademyStep":{"count":202,"self":0.0020054,"total":0.0020054,"children":null},"AgentAct":{"count":202,"self":0.0040059,"total":0.0040059,"children":null}}}