{"count":1,"gauges":{},"self":2.4020788,"total":2.6861237,"children":{"AgentResetIfDone":{"count":81,"self":0.0030039,"total":0.0030039,"children":null},"AgentSendState":{"count":81,"self":0.0100156,"total":0.0120147,"children":{"CollectObservations":{"count":81,"self":0.0019990999999999997,"total":0.0019990999999999997,"children":null}}},"DecideAction":{"count":81,"self":0.262005,"total":0.262005,"children":null},"AcademyStep":{"count":81,"self":0.001013,"total":0.001013,"children":null},"AgentAct":{"count":81,"self":0.0050089,"total":0.0050089,"children":null}}}