{"cameraMode":{"drawMode":0,"name":"Shaded","section":"Shading Mode"},"sceneLighting":false,"audioPlay":false,"sceneViewState":{"showFog":false,"showMaterialUpdate":false,"showSkybox":false,"showFlares":false,"showImageEffects":false,"showParticleSystems":false},"in2DMode":false,"pivot":{"x":-47.7330322265625,"y":88.69412231445313,"z":-9.538307189941407},"rotation":{"x":0.0007223792490549386,"y":0.7947507500648499,"z":0.0009461245499551296,"w":-0.6069355010986328},"size":90.79801940917969,"orthographic":false}