{"cameraMode":{"drawMode":0,"name":"Shaded","section":"Shading Mode"},"sceneLighting":true,"audioPlay":false,"sceneViewState":{"showFog":false,"showMaterialUpdate":false,"showSkybox":true,"showFlares":false,"showImageEffects":false,"showParticleSystems":false},"in2DMode":false,"pivot":{"x":0.5345315337181091,"y":0.9117123484611511,"z":54.683570861816409},"rotation":{"x":-0.20253059267997743,"y":0.023490915074944497,"z":-0.004860973451286554,"w":-0.9789853096008301},"size":1.7825934886932374,"orthographic":false}