{"cameraMode":{"drawMode":0,"name":"Shaded","section":"Shading Mode"},"sceneLighting":false,"audioPlay":false,"sceneViewState":{"showFog":false,"showMaterialUpdate":false,"showSkybox":false,"showFlares":false,"showImageEffects":false,"showParticleSystems":false},"in2DMode":false,"pivot":{"x":-2.3165512084960939,"y":37.69185256958008,"z":58.2230224609375},"rotation":{"x":0.0007223792490549386,"y":0.7947507500648499,"z":0.0009461245499551296,"w":-0.6069355010986328},"size":47.784698486328128,"orthographic":false}