{"cameraMode":{"drawMode":0,"name":"Shaded","section":"Shading Mode"},"sceneLighting":true,"audioPlay":false,"sceneViewState":{"showFog":false,"showMaterialUpdate":false,"showSkybox":true,"showFlares":false,"showImageEffects":false,"showParticleSystems":false},"in2DMode":false,"pivot":{"x":-69.9967041015625,"y":0.9103410243988037,"z":38.15678405761719},"rotation":{"x":-0.20253059267997743,"y":0.023490915074944497,"z":-0.004860973451286554,"w":-0.9789853096008301},"size":1.6094281673431397,"orthographic":false}