{"cameraMode":{"drawMode":0,"name":"Shaded","section":"Shading Mode"},"sceneLighting":true,"audioPlay":false,"sceneViewState":{"showFog":true,"showMaterialUpdate":false,"showSkybox":false,"showFlares":true,"showImageEffects":true,"showParticleSystems":true},"in2DMode":false,"pivot":{"x":40.92831802368164,"y":44.54578399658203,"z":1595.1453857421875},"rotation":{"x":-0.010809672065079213,"y":0.008097037672996521,"z":-0.000087466360128019,"w":-0.9999088048934937},"size":40.93062973022461,"orthographic":true}