{
    "name": "root",
    "gauges": {
        "agentF1.Policy.Entropy.mean": {
            "value": 0.7145389318466187,
            "min": 0.46365848183631897,
            "max": 2.0322556495666504,
            "count": 103
        },
        "agentF1.Policy.ExtrinsicValueEstimate.mean": {
            "value": 10.4354887008667,
            "min": 0.23005042970180511,
            "max": 10.473470687866211,
            "count": 103
        },
        "agentF1.Losses.ValueLoss.mean": {
            "value": 0.4125729203224182,
            "min": 0.2620617151260376,
            "max": 13.938610076904297,
            "count": 103
        },
        "agentF1.Losses.PolicyLoss.mean": {
            "value": 0.02374860644340515,
            "min": 0.02276661992073059,
            "max": 0.026964133605360985,
            "count": 103
        },
        "agentF1.Policy.LearningRate.mean": {
            "value": 9.98974937829189e-05,
            "min": 9.98974937829189e-05,
            "max": 9.999948815675452e-05,
            "count": 103
        },
        "agentF1.Policy.Epsilon.mean": {
            "value": 0.19989749789237976,
            "min": 0.19989749789237976,
            "max": 0.19999948143959045,
            "count": 103
        },
        "agentF1.Policy.Beta.mean": {
            "value": 0.0049948859959840775,
            "min": 0.0049948859959840775,
            "max": 0.004999974742531776,
            "count": 103
        },
        "agentF1.Environment.EpisodeLength.mean": {
            "value": 4999.0,
            "min": 4999.0,
            "max": 4999.0,
            "count": 103
        },
        "agentF1.Environment.CumulativeReward.mean": {
            "value": 510.66422110488736,
            "min": 82.07827480166566,
            "max": 512.8235284393909,
            "count": 103
        },
        "agentF1.Policy.ExtrinsicReward.mean": {
            "value": 510.66422110488736,
            "min": 82.07827480166566,
            "max": 512.8235284393909,
            "count": 103
        },
        "agentF1.IsTraining.mean": {
            "value": 1.0,
            "min": 1.0,
            "max": 1.0,
            "count": 103
        }
    },
    "metadata": {
        "timer_format_version": "0.1.0",
        "start_time_seconds": "1596187464",
        "python_version": "3.7.6 (default, Jan  8 2020, 20:23:39) [MSC v.1916 64 bit (AMD64)]",
        "command_line_arguments": "D:\\ProgramData\\Anaconda3\\Scripts\\mlagents-learn settings\\agentF1.yaml --run-id=test00 --train",
        "mlagents_version": "0.18.0",
        "mlagents_envs_version": "0.18.0",
        "communication_protocol_version": "1.0.0",
        "tensorflow_version": "2.0.2",
        "end_time_seconds": "1596298966"
    },
    "total": 111502.4792809,
    "count": 1,
    "self": 0.5129245000134688,
    "children": {
        "run_training.setup": {
            "total": 0.05236349999999845,
            "count": 1,
            "self": 0.05236349999999845
        },
        "TrainerController.start_learning": {
            "total": 111501.9139929,
            "count": 1,
            "self": 4857.021235508699,
            "children": {
                "TrainerController._reset_env": {
                    "total": 10.636232500000002,
                    "count": 1,
                    "self": 10.636232500000002
                },
                "TrainerController.advance": {
                    "total": 106633.7713288913,
                    "count": 8610718,
                    "self": 183.11384989283397,
                    "children": {
                        "env_step": {
                            "total": 106450.65747899846,
                            "count": 8610718,
                            "self": 93295.2582151168,
                            "children": {
                                "SubprocessEnvManager._take_step": {
                                    "total": 12976.267579474319,
                                    "count": 8610718,
                                    "self": 414.9065986674759,
                                    "children": {
                                        "NNPolicy.evaluate": {
                                            "total": 12561.360980806843,
                                            "count": 8610718,
                                            "self": 12561.360980806843
                                        }
                                    }
                                },
                                "workers": {
                                    "total": 179.1316844073452,
                                    "count": 8610717,
                                    "self": 0.0,
                                    "children": {
                                        "worker_root": {
                                            "total": 111139.86419599135,
                                            "count": 8610717,
                                            "is_parallel": true,
                                            "self": 37301.63413727694,
                                            "children": {
                                                "steps_from_proto": {
                                                    "total": 0.0005982000000006593,
                                                    "count": 1,
                                                    "is_parallel": true,
                                                    "self": 0.00025380000000119196,
                                                    "children": {
                                                        "_process_vector_observation": {
                                                            "total": 0.00034439999999946735,
                                                            "count": 2,
                                                            "is_parallel": true,
                                                            "self": 0.00034439999999946735
                                                        }
                                                    }
                                                },
                                                "UnityEnvironment.step": {
                                                    "total": 73838.22946051441,
                                                    "count": 8610717,
                                                    "is_parallel": true,
                                                    "self": 1422.188081415312,
                                                    "children": {
                                                        "UnityEnvironment._generate_step_input": {
                                                            "total": 1227.7433503990758,
                                                            "count": 8610717,
                                                            "is_parallel": true,
                                                            "self": 1227.7433503990758
                                                        },
                                                        "communicator.exchange": {
                                                            "total": 66526.68170559805,
                                                            "count": 8610717,
                                                            "is_parallel": true,
                                                            "self": 66526.68170559805
                                                        },
                                                        "steps_from_proto": {
                                                            "total": 4661.616323101976,
                                                            "count": 8610717,
                                                            "is_parallel": true,
                                                            "self": 2023.186764800893,